{
  "AE-ABU DHABI-AL GHAITH HOLDING TOWER, AIRPORT ROAD": {
    "original": "AE-ABU DHABI-AL GHAITH HOLDING TOWER, AIRPORT ROAD",
    "mapboxPlaceName": "Abu Dhabi, United Arab Emirates",
    "city": "Abu Dhabi",
    "state": "Abu Dhabi",
    "stateCode": null,
    "country": "United Arab Emirates",
    "countryCode": "AE",
    "coordinates": {
      "longitude": 54.3773,
      "latitude": 24.4539
    },
    "placeType": [
      "place"
    ],
    "confidence": 1
  },
  "BR-RJ-RIO DE JANEIRO-VENTURA-AV REPUBLICA DO CHILE 330": {
    "original": "BR-RJ-RIO DE JANEIRO-VENTURA-AV REPUBLICA DO CHILE 330",
    "mapboxPlaceName": "Rio de Janeiro, Rio de Janeiro, Brazil",
    "city": "Rio de Janeiro",
    "state": "Rio de Janeiro",
    "stateCode": "RJ",
    "country": "Brazil",
    "countryCode": "BR",
    "coordinates": {
      "longitude": -43.1729,
      "latitude": -22.9068
    },
    "placeType": [
      "place"
    ],
    "confidence": 1
  },
  "BR-RJ-PETROPOLIS-ESTRADA DO CARANGOLA 1545": {
    "original": "BR-RJ-PETROPOLIS-ESTRADA DO CARANGOLA 1545",
    "mapboxPlaceName": "Petropolis, Rio de Janeiro, Brazil",
    "city": "Petropolis",
    "state": "Rio de Janeiro",
    "stateCode": "RJ",
    "country": "Brazil",
    "countryCode": "BR",
    "coordinates": {
      "longitude": -43.1789,
      "latitude": -22.5051
    },
    "placeType": [
      "place"
    ],
    "confidence": 1
  },
  "CO-BOGOTA-CARRERA 7 NO 123-35": {
    "original": "CO-BOGOTA-CARRERA 7 NO 123-35",
    "mapboxPlaceName": "Bogota, Colombia",
    "city": "Bogota",
    "state": "Bogota D.C.",
    "stateCode": null,
    "country": "Colombia",
    "countryCode": "CO",
    "coordinates": {
      "longitude": -74.0721,
      "latitude": 4.711
    },
    "placeType": [
      "place"
    ],
    "confidence": 1
  },
  "US-AK-ANCHORAGE-795 EAST 94TH AVENUE": {
    "original": "US-AK-ANCHORAGE-795 EAST 94TH AVENUE",
    "mapboxPlaceName": "Anchorage, Alaska, United States",
    "city": "Anchorage",
    "state": "Alaska",
    "stateCode": "AK",
    "country": "United States",
    "countryCode": "US",
    "coordinates": {
      "longitude": -149.9003,
      "latitude": 61.2181
    },
    "placeType": [
      "place"
    ],
    "confidence": 1
  },
  "US-NM-Carlsbad-233 Carrasco Road": {
    "original": "US-NM-Carlsbad-233 Carrasco Road",
    "mapboxPlaceName": "Carlsbad, New Mexico, United States",
    "city": "Carlsbad",
    "state": "New Mexico",
    "stateCode": "NM",
    "country": "United States",
    "countryCode": "US",
    "coordinates": {
      "longitude": -104.2288,
      "latitude": 32.4206
    },
    "placeType": [
      "place"
    ],
    "confidence": 1
  },
  "US-TX-OTHER TEXAS": {
    "original": "US-TX-OTHER TEXAS",
    "mapboxPlaceName": "Texas, United States",
    "city": null,
    "state": "Texas",
    "stateCode": "TX",
    "country": "United States",
    "countryCode": "US",
    "coordinates": {
      "longitude": -99.9018,
      "latitude": 31.9686
    },
    "placeType": [
      "region"
    ],
    "confidence": 1
  },
  "US-NM-OTHER NEW MEXICO": {
    "original": "US-NM-OTHER NEW MEXICO",
    "mapboxPlaceName": "New Mexico, United States",
    "city": null,
    "state": "New Mexico",
    "stateCode": "NM",
    "country": "United States",
    "countryCode": "US",
    "coordinates": {
      "longitude": -106.2371,
      "latitude": 34.5199
    },
    "placeType": [
      "region"
    ],
    "confidence": 1
  },
  "US-TX-MIDLAND-2105 MARKET STREET": {
    "original": "US-TX-MIDLAND-2105 MARKET STREET",
    "mapboxPlaceName": "Midland, Texas, United States",
    "city": "Midland",
    "state": "Texas",
    "stateCode": "TX",
    "country": "United States",
    "countryCode": "US",
    "coordinates": {
      "longitude": -102.0779,
      "latitude": 31.9973
    },
    "placeType": [
      "place"
    ],
    "confidence": 1
  },
  "US-TX-HOUSTON-2001 RANKIN ROAD": {
    "original": "US-TX-HOUSTON-2001 RANKIN ROAD",
    "mapboxPlaceName": "Houston, Texas, United States",
    "city": "Houston",
    "state": "Texas",
    "stateCode": "TX",
    "country": "United States",
    "countryCode": "US",
    "coordinates": {
      "longitude": -95.3698,
      "latitude": 29.7604
    },
    "placeType": [
      "place"
    ],
    "confidence": 1
  },
  "US-WV-BUCKHANNON-180 CHILDERS RUN CROSSING": {
    "original": "US-WV-BUCKHANNON-180 CHILDERS RUN CROSSING",
    "mapboxPlaceName": "Buckhannon, West Virginia, United States",
    "city": "Buckhannon",
    "state": "West Virginia",
    "stateCode": "WV",
    "country": "United States",
    "countryCode": "US",
    "coordinates": {
      "longitude": -80.232,
      "latitude": 38.9934
    },
    "placeType": [
      "place"
    ],
    "confidence": 1
  },
  "US-PA-MOUNT PLEASANT-370 WESTEC DRIVE": {
    "original": "US-PA-MOUNT PLEASANT-370 WESTEC DRIVE",
    "mapboxPlaceName": "Mount Pleasant, Pennsylvania, United States",
    "city": "Mount Pleasant",
    "state": "Pennsylvania",
    "stateCode": "PA",
    "country": "United States",
    "countryCode": "US",
    "coordinates": {
      "longitude": -79.5414,
      "latitude": 40.1512
    },
    "placeType": [
      "place"
    ],
    "confidence": 1
  },
  "CA-AB-CALGARY-4839 90TH AVENUE SE": {
    "original": "CA-AB-CALGARY-4839 90TH AVENUE SE",
    "mapboxPlaceName": "Calgary, Alberta, Canada",
    "city": "Calgary",
    "state": "Alberta",
    "stateCode": "AB",
    "country": "Canada",
    "countryCode": "CA",
    "coordinates": {
      "longitude": -114.0719,
      "latitude": 51.0447
    },
    "placeType": [
      "place"
    ],
    "confidence": 1
  },
  "MX-DF-MEXICO CITY-AVENIDA ANTONIO DOVALI JAIME 70": {
    "original": "MX-DF-MEXICO CITY-AVENIDA ANTONIO DOVALI JAIME 70",
    "mapboxPlaceName": "Mexico City, Mexico",
    "city": "Mexico City",
    "state": "Mexico City",
    "stateCode": "CDMX",
    "country": "Mexico",
    "countryCode": "MX",
    "coordinates": {
      "longitude": -99.1332,
      "latitude": 19.4326
    },
    "placeType": [
      "place"
    ],
    "confidence": 1
  },
  "IT-FI-FLORENCE-VIA FELICE MATTEUCCI 2": {
    "original": "IT-FI-FLORENCE-VIA FELICE MATTEUCCI 2",
    "mapboxPlaceName": "Florence, Tuscany, Italy",
    "city": "Florence",
    "state": "Tuscany",
    "stateCode": null,
    "country": "Italy",
    "countryCode": "IT",
    "coordinates": {
      "longitude": 11.2558,
      "latitude": 43.7696
    },
    "placeType": [
      "place"
    ],
    "confidence": 1
  },
  "Houston": {
    "original": "Houston",
    "mapboxPlaceName": "Houston, Texas, United States",
    "city": "Houston",
    "state": "Texas",
    "stateCode": "TX",
    "country": "United States",
    "countryCode": "US",
    "coordinates": {
      "longitude": -95.3698,
      "latitude": 29.7604
    },
    "placeType": [
      "place"
    ],
    "confidence": 1
  },
  "Aberdeen": {
    "original": "Aberdeen",
    "mapboxPlaceName": "Aberdeen, Scotland, United Kingdom",
    "city": "Aberdeen",
    "state": "Scotland",
    "stateCode": null,
    "country": "United Kingdom",
    "countryCode": "GB",
    "coordinates": {
      "longitude": -2.0943,
      "latitude": 57.1497
    },
    "placeType": [
      "place"
    ],
    "confidence": 1
  },
  "Noble Interceptor": {
    "original": "Noble Interceptor",
    "mapboxPlaceName": "Noble Interceptor (Offshore)",
    "city": null,
    "state": null,
    "stateCode": null,
    "country": "Offshore",
    "countryCode": null,
    "coordinates": {
      "longitude": 0,
      "latitude": 0
    },
    "placeType": [
      "poi"
    ],
    "confidence": 0.5
  },
  "Global Recruiting": {
    "original": "Global Recruiting",
    "mapboxPlaceName": "Global Recruiting (Remote/Multiple Locations)",
    "city": null,
    "state": null,
    "stateCode": null,
    "country": "Remote",
    "countryCode": null,
    "coordinates": {
      "longitude": 0,
      "latitude": 0
    },
    "placeType": [
      "virtual"
    ],
    "confidence": 0.5
  },
  "Aberdeen (Westhill), GB": {
    "original": "Aberdeen (Westhill), GB",
    "mapboxPlaceName": "Aberdeen, Aberdeen City, Scotland, United Kingdom",
    "city": "Aberdeen",
    "state": "Scotland",
    "stateCode": "SCT",
    "country": "United Kingdom",
    "countryCode": "GB",
    "coordinates": {
      "longitude": -2.092809,
      "latitude": 57.148243
    },
    "placeType": [
      "place"
    ],
    "confidence": 0.666667
  },
  "Aberdeen, Scotland": {
    "original": "Aberdeen, Scotland",
    "mapboxPlaceName": "Aberdeen, Aberdeen City, Scotland, United Kingdom",
    "city": "Aberdeen",
    "state": "Scotland",
    "stateCode": "SCT",
    "country": "United Kingdom",
    "countryCode": "GB",
    "coordinates": {
      "longitude": -2.092809,
      "latitude": 57.148243
    },
    "placeType": [
      "place"
    ],
    "confidence": 1
  },
  "Abidjan, Abidjan": {
    "original": "Abidjan, Abidjan",
    "mapboxPlaceName": "Abidjan, Côte d'Ivoire",
    "city": "Abidjan",
    "state": "Abidjan",
    "stateCode": "AB",
    "country": "Côte d'Ivoire",
    "countryCode": "CI",
    "coordinates": {
      "longitude": -4.016107,
      "latitude": 5.320357
    },
    "placeType": [
      "region",
      "place"
    ],
    "confidence": 0.5
  },
  "Abingdon, Oxfordshire, England": {
    "original": "Abingdon, Oxfordshire, England",
    "mapboxPlaceName": "Abingdon, Oxfordshire, England, United Kingdom",
    "city": "Abingdon",
    "state": "England",
    "stateCode": "ENG",
    "country": "United Kingdom",
    "countryCode": "GB",
    "coordinates": {
      "longitude": -1.281304,
      "latitude": 51.670166
    },
    "placeType": [
      "place"
    ],
    "confidence": 1
  },
  "Abu Dhabi, Abu Dhabi Emirate": {
    "original": "Abu Dhabi, Abu Dhabi Emirate",
    "mapboxPlaceName": "Abu Dhabi, Abu Dhabi, United Arab Emirates",
    "city": "Abu Dhabi",
    "state": "Abu Dhabi",
    "stateCode": "AZ",
    "country": "United Arab Emirates",
    "countryCode": "AE",
    "coordinates": {
      "longitude": 54.377438,
      "latitude": 24.453524
    },
    "placeType": [
      "place"
    ],
    "confidence": 0.989037
  },
  "Aktau, Mangistauskaya Oblast’": {
    "original": "Aktau, Mangistauskaya Oblast’",
    "mapboxPlaceName": "Актау, Mangystau, Kazakhstan",
    "city": "Актау",
    "state": "Mangystau",
    "stateCode": "47",
    "country": "Kazakhstan",
    "countryCode": "KZ",
    "coordinates": {
      "longitude": 51.347682,
      "latitude": 43.551627
    },
    "placeType": [
      "place"
    ],
    "confidence": 0.65
  },
  "Alice Springs, Northern Territory, Australia": {
    "original": "Alice Springs, Northern Territory, Australia",
    "mapboxPlaceName": "Alice Springs, Northern Territory, Australia",
    "city": "Alice Springs",
    "state": "Northern Territory",
    "stateCode": "NT",
    "country": "Australia",
    "countryCode": "AU",
    "coordinates": {
      "longitude": 133.88222,
      "latitude": -23.700891
    },
    "placeType": [
      "place"
    ],
    "confidence": 1
  },
  "Alvarado, TX": {
    "original": "Alvarado, TX",
    "mapboxPlaceName": "Alvarado, Texas, United States",
    "city": "Alvarado",
    "state": "Texas",
    "stateCode": "TX",
    "country": "United States",
    "countryCode": "US",
    "coordinates": {
      "longitude": -97.210213,
      "latitude": 32.406898
    },
    "placeType": [
      "place"
    ],
    "confidence": 1
  },
  "Ankara, TR": {
    "original": "Ankara, TR",
    "mapboxPlaceName": "Ankara, Türkiye",
    "city": "Ankara",
    "state": "Ankara",
    "stateCode": "06",
    "country": "Türkiye",
    "countryCode": "TR",
    "coordinates": {
      "longitude": 32.854048,
      "latitude": 39.920789
    },
    "placeType": [
      "place"
    ],
    "confidence": 1
  },
  "Arbroath, Scotland": {
    "original": "Arbroath, Scotland",
    "mapboxPlaceName": "Arbroath, Angus, Scotland, United Kingdom",
    "city": "Arbroath",
    "state": "Scotland",
    "stateCode": "SCT",
    "country": "United Kingdom",
    "countryCode": "GB",
    "coordinates": {
      "longitude": -2.582162,
      "latitude": 56.558743
    },
    "placeType": [
      "place"
    ],
    "confidence": 1
  },
  "Argentina": {
    "original": "Argentina",
    "mapboxPlaceName": "Argentina",
    "city": null,
    "state": null,
    "stateCode": null,
    "country": "Argentina",
    "countryCode": "AR",
    "coordinates": {
      "longitude": -63.954193,
      "latitude": -36.252002
    },
    "placeType": [
      "country"
    ],
    "confidence": 1
  },
  "Arlington, Virginia": {
    "original": "Arlington, Virginia",
    "mapboxPlaceName": "Arlington, Virginia, United States",
    "city": "Arlington",
    "state": "Virginia",
    "stateCode": "VA",
    "country": "United States",
    "countryCode": "US",
    "coordinates": {
      "longitude": -77.091601,
      "latitude": 38.888414
    },
    "placeType": [
      "place"
    ],
    "confidence": 1
  },
  "Atyrau, Atyraū Oblysy": {
    "original": "Atyrau, Atyraū Oblysy",
    "mapboxPlaceName": "Atarau Road, Atarau, Blackball 7871, New Zealand",
    "city": "Blackball",
    "state": "West Coast",
    "stateCode": "WTC",
    "country": "New Zealand",
    "countryCode": "NZ",
    "coordinates": {
      "longitude": 171.539828,
      "latitude": -42.317751
    },
    "placeType": [
      "address"
    ],
    "confidence": 0.55
  },
  "BR-RJ-RIO DE JANEIRO-RETIC-ILHA DO FUNDAO, R.36, 2757": {
    "original": "BR-RJ-RIO DE JANEIRO-RETIC-ILHA DO FUNDAO, R.36, 2757",
    "mapboxPlaceName": "Avenida Ilha Do Fundão, Tauá, Rio de Janeiro - Rio de Janeiro, 21920, Brazil",
    "city": "Rio de Janeiro",
    "state": "Rio de Janeiro",
    "stateCode": "RJ",
    "country": "Brazil",
    "countryCode": "BR",
    "coordinates": {
      "longitude": -43.187958,
      "latitude": -22.788457
    },
    "placeType": [
      "address"
    ],
    "confidence": 0.711212
  },
  "Bakersfield, CA": {
    "original": "Bakersfield, CA",
    "mapboxPlaceName": "Bakersfield, California, United States",
    "city": "Bakersfield",
    "state": "California",
    "stateCode": "CA",
    "country": "United States",
    "countryCode": "US",
    "coordinates": {
      "longitude": -119.018926,
      "latitude": 35.374337
    },
    "placeType": [
      "place"
    ],
    "confidence": 1
  },
  "Baku, Baku City": {
    "original": "Baku, Baku City",
    "mapboxPlaceName": "八堵路, 八南, 205, 暖暖區, 基隆市, Keelung, Taiwan",
    "city": "基隆市",
    "state": "Keelung",
    "stateCode": "KEE",
    "country": "Taiwan",
    "countryCode": "TW",
    "coordinates": {
      "longitude": 121.731096,
      "latitude": 25.108596
    },
    "placeType": [
      "address"
    ],
    "confidence": 0.669167
  },
  "Ban Bo Phawong, Nakhon Sawan": {
    "original": "Ban Bo Phawong, Nakhon Sawan",
    "mapboxPlaceName": "ซอยนครสวรรค์ 70, 44000, Mueang Maha Sarakham, Maha Sarakham, Thailand",
    "city": "Mueang Maha Sarakham",
    "state": "Maha Sarakham",
    "stateCode": "44",
    "country": "Thailand",
    "countryCode": "TH",
    "coordinates": {
      "longitude": 103.326886,
      "latitude": 16.166279
    },
    "placeType": [
      "address"
    ],
    "confidence": 0.455556
  },
  "Bangkok, Bangkok": {
    "original": "Bangkok, Bangkok",
    "mapboxPlaceName": "Bangkok Noi, Bangkok, Thailand",
    "city": "Bangkok Noi",
    "state": null,
    "stateCode": null,
    "country": "Thailand",
    "countryCode": "TH",
    "coordinates": {
      "longitude": 100.4778,
      "latitude": 13.759876
    },
    "placeType": [
      "locality"
    ],
    "confidence": 0.99
  },
  "Basra, Basra": {
    "original": "Basra, Basra",
    "mapboxPlaceName": "Al Basrah, Basra, Iraq",
    "city": "Al Basrah",
    "state": "Basra",
    "stateCode": "BA",
    "country": "Iraq",
    "countryCode": "IQ",
    "coordinates": {
      "longitude": 47.793478,
      "latitude": 30.515087
    },
    "placeType": [
      "place"
    ],
    "confidence": 0.99
  },
  "Belle Fourche, SD": {
    "original": "Belle Fourche, SD",
    "mapboxPlaceName": "Belle Fourche, South Dakota, United States",
    "city": "Belle Fourche",
    "state": "South Dakota",
    "stateCode": "SD",
    "country": "United States",
    "countryCode": "US",
    "coordinates": {
      "longitude": -103.853616,
      "latitude": 44.671436
    },
    "placeType": [
      "place"
    ],
    "confidence": 1
  },
  "Bengaluru, Karnataka": {
    "original": "Bengaluru, Karnataka",
    "mapboxPlaceName": "Bengaluru, Karnataka, India",
    "city": "Bengaluru",
    "state": "Karnataka",
    "stateCode": "KA",
    "country": "India",
    "countryCode": "IN",
    "coordinates": {
      "longitude": 77.591301,
      "latitude": 12.979101
    },
    "placeType": [
      "place"
    ],
    "confidence": 1
  },
  "Bossier City, LA": {
    "original": "Bossier City, LA",
    "mapboxPlaceName": "Bossier City, Louisiana, United States",
    "city": "Bossier City",
    "state": "Louisiana",
    "stateCode": "LA",
    "country": "United States",
    "countryCode": "US",
    "coordinates": {
      "longitude": -93.732226,
      "latitude": 32.515791
    },
    "placeType": [
      "place"
    ],
    "confidence": 1
  },
  "Broussard, Lafayette, LA": {
    "original": "Broussard, Lafayette, LA",
    "mapboxPlaceName": "Broussard, Maurice, Louisiana 70555, United States",
    "city": "Maurice",
    "state": "Louisiana",
    "stateCode": "LA",
    "country": "United States",
    "countryCode": "US",
    "coordinates": {
      "longitude": -92.123878,
      "latitude": 30.106824
    },
    "placeType": [
      "address"
    ],
    "confidence": 0.833333
  },
  "Bucharest, București": {
    "original": "Bucharest, București",
    "mapboxPlaceName": "Șoseaua București-Ploiești, Bucharest 13686, Romania",
    "city": "Bucharest",
    "state": null,
    "stateCode": null,
    "country": "Romania",
    "countryCode": "RO",
    "coordinates": {
      "longitude": 26.081852,
      "latitude": 44.509575
    },
    "placeType": [
      "address"
    ],
    "confidence": 0.99
  },
  "Cairo, Cairo Governorate": {
    "original": "Cairo, Cairo Governorate",
    "mapboxPlaceName": "Cairo, Cairo, Egypt",
    "city": "Cairo",
    "state": "Cairo",
    "stateCode": "C",
    "country": "Egypt",
    "countryCode": "EG",
    "coordinates": {
      "longitude": 31.241106,
      "latitude": 30.047558
    },
    "placeType": [
      "place"
    ],
    "confidence": 0.666667
  },
  "Calgary, Alberta": {
    "original": "Calgary, Alberta",
    "mapboxPlaceName": "Calgary, Alberta, Canada",
    "city": "Calgary",
    "state": "Alberta",
    "stateCode": "AB",
    "country": "Canada",
    "countryCode": "CA",
    "coordinates": {
      "longitude": -114.067955,
      "latitude": 51.0457
    },
    "placeType": [
      "place"
    ],
    "confidence": 1
  },
  "Canonsburg, PA": {
    "original": "Canonsburg, PA",
    "mapboxPlaceName": "Canonsburg, Pennsylvania, United States",
    "city": "Canonsburg",
    "state": "Pennsylvania",
    "stateCode": "PA",
    "country": "United States",
    "countryCode": "US",
    "coordinates": {
      "longitude": -80.186497,
      "latitude": 40.258839
    },
    "placeType": [
      "place"
    ],
    "confidence": 1
  },
  "Chantilly, Virginia": {
    "original": "Chantilly, Virginia",
    "mapboxPlaceName": "Chantilly, Virginia, United States",
    "city": "Chantilly",
    "state": "Virginia",
    "stateCode": "VA",
    "country": "United States",
    "countryCode": "US",
    "coordinates": {
      "longitude": -77.428645,
      "latitude": 38.896239
    },
    "placeType": [
      "place"
    ],
    "confidence": 1
  },
  "Charleston, South Carolina": {
    "original": "Charleston, South Carolina",
    "mapboxPlaceName": "Charleston, South Carolina, United States",
    "city": "Charleston",
    "state": "South Carolina",
    "stateCode": "SC",
    "country": "United States",
    "countryCode": "US",
    "coordinates": {
      "longitude": -79.938628,
      "latitude": 32.789284
    },
    "placeType": [
      "place"
    ],
    "confidence": 1
  },
  "Chatuchak, Bangkok": {
    "original": "Chatuchak, Bangkok",
    "mapboxPlaceName": "Chatuchak, Bangkok, Thailand",
    "city": "Chatuchak",
    "state": null,
    "stateCode": null,
    "country": "Thailand",
    "countryCode": "TH",
    "coordinates": {
      "longitude": 100.55173,
      "latitude": 13.802195
    },
    "placeType": [
      "locality"
    ],
    "confidence": 1
  },
  "Chengdu, Sichuan": {
    "original": "Chengdu, Sichuan",
    "mapboxPlaceName": "Chengdu Shi, Sichuan, China",
    "city": "Chengdu Shi",
    "state": "Sichuan",
    "stateCode": "SC",
    "country": "China",
    "countryCode": "CN",
    "coordinates": {
      "longitude": 104.07872,
      "latitude": 30.659126
    },
    "placeType": [
      "place"
    ],
    "confidence": 1
  },
  "Ciudad General Martín Miguel de Güemes, Buenos Aires": {
    "original": "Ciudad General Martín Miguel de Güemes, Buenos Aires",
    "mapboxPlaceName": "General Martín Miguel De Güemes, Magdalena, Buenos Aires Province, B1913, Argentina",
    "city": "Magdalena",
    "state": "Buenos Aires Province",
    "stateCode": "B",
    "country": "Argentina",
    "countryCode": "AR",
    "coordinates": {
      "longitude": -57.501712,
      "latitude": -35.08203
    },
    "placeType": [
      "address"
    ],
    "confidence": 1
  },
  "Ciudad del Carmen, Campeche": {
    "original": "Ciudad del Carmen, Campeche",
    "mapboxPlaceName": "Ciudad del Carmen, Campeche, Mexico",
    "city": "Ciudad del Carmen",
    "state": "Campeche",
    "stateCode": "CAM",
    "country": "Mexico",
    "countryCode": "MX",
    "coordinates": {
      "longitude": -91.81502,
      "latitude": 18.651733
    },
    "placeType": [
      "place"
    ],
    "confidence": 1
  },
  "Clairmont, Alberta": {
    "original": "Clairmont, Alberta",
    "mapboxPlaceName": "Clairmont, Alberta, Canada",
    "city": "Clairmont",
    "state": "Alberta",
    "stateCode": "AB",
    "country": "Canada",
    "countryCode": "CA",
    "coordinates": {
      "longitude": -118.79181,
      "latitude": 55.257866
    },
    "placeType": [
      "place"
    ],
    "confidence": 1
  },
  "Coca, Provincia del Azuay": {
    "original": "Coca, Provincia del Azuay",
    "mapboxPlaceName": "Coya, Cuenca - Azuay, 0101, Ecuador",
    "city": "Cuenca",
    "state": "Azuay",
    "stateCode": "A",
    "country": "Ecuador",
    "countryCode": "EC",
    "coordinates": {
      "longitude": -78.980095,
      "latitude": -2.89459
    },
    "placeType": [
      "address"
    ],
    "confidence": 0.555556
  },
  "Colorado Springs, Colorado": {
    "original": "Colorado Springs, Colorado",
    "mapboxPlaceName": "Colorado Springs, Colorado, United States",
    "city": "Colorado Springs",
    "state": "Colorado",
    "stateCode": "CO",
    "country": "United States",
    "countryCode": "US",
    "coordinates": {
      "longitude": -104.821879,
      "latitude": 38.83242
    },
    "placeType": [
      "place"
    ],
    "confidence": 1
  },
  "Columbia, Maryland": {
    "original": "Columbia, Maryland",
    "mapboxPlaceName": "Columbia, Maryland, United States",
    "city": "Columbia",
    "state": "Maryland",
    "stateCode": "MD",
    "country": "United States",
    "countryCode": "US",
    "coordinates": {
      "longitude": -76.855986,
      "latitude": 39.214717
    },
    "placeType": [
      "place"
    ],
    "confidence": 1
  },
  "Conroe, TX": {
    "original": "Conroe, TX",
    "mapboxPlaceName": "Conroe, Texas, United States",
    "city": "Conroe",
    "state": "Texas",
    "stateCode": "TX",
    "country": "United States",
    "countryCode": "US",
    "coordinates": {
      "longitude": -95.457056,
      "latitude": 30.313046
    },
    "placeType": [
      "place"
    ],
    "confidence": 1
  },
  "Cunduacán, Tabasco": {
    "original": "Cunduacán, Tabasco",
    "mapboxPlaceName": "Cunduacán, Tabasco, Mexico",
    "city": "Cunduacán",
    "state": "Tabasco",
    "stateCode": "TAB",
    "country": "Mexico",
    "countryCode": "MX",
    "coordinates": {
      "longitude": -93.17306,
      "latitude": 18.066618
    },
    "placeType": [
      "place"
    ],
    "confidence": 1
  },
  "Duncan, OK": {
    "original": "Duncan, OK",
    "mapboxPlaceName": "Duncan, Oklahoma, United States",
    "city": "Duncan",
    "state": "Oklahoma",
    "stateCode": "OK",
    "country": "United States",
    "countryCode": "US",
    "coordinates": {
      "longitude": -97.959811,
      "latitude": 34.50205
    },
    "placeType": [
      "place"
    ],
    "confidence": 1
  },
  "Edmonton, Alberta": {
    "original": "Edmonton, Alberta",
    "mapboxPlaceName": "Edmonton, Alberta, Canada",
    "city": "Edmonton",
    "state": "Alberta",
    "stateCode": "AB",
    "country": "Canada",
    "countryCode": "CA",
    "coordinates": {
      "longitude": -113.493744,
      "latitude": 53.543144
    },
    "placeType": [
      "place"
    ],
    "confidence": 1
  },
  "El Segundo, California": {
    "original": "El Segundo, California",
    "mapboxPlaceName": "El Segundo, California, United States",
    "city": "El Segundo",
    "state": "California",
    "stateCode": "CA",
    "country": "United States",
    "countryCode": "US",
    "coordinates": {
      "longitude": -118.415952,
      "latitude": 33.919065
    },
    "placeType": [
      "place"
    ],
    "confidence": 1
  },
  "Emmen, Drenthe": {
    "original": "Emmen, Drenthe",
    "mapboxPlaceName": "Emmen, Drenthe, Netherlands",
    "city": "Emmen",
    "state": "Drenthe",
    "stateCode": "DR",
    "country": "Netherlands",
    "countryCode": "NL",
    "coordinates": {
      "longitude": 6.893459,
      "latitude": 52.7835
    },
    "placeType": [
      "place"
    ],
    "confidence": 1
  },
  "Evansville, CO": {
    "original": "Evansville, CO",
    "mapboxPlaceName": "Evansville, Pennsylvania, United States",
    "city": "Evansville",
    "state": "Pennsylvania",
    "stateCode": "PA",
    "country": "United States",
    "countryCode": "US",
    "coordinates": {
      "longitude": -76.294785,
      "latitude": 41.07318
    },
    "placeType": [
      "locality"
    ],
    "confidence": 1
  },
  "Evansville, WY": {
    "original": "Evansville, WY",
    "mapboxPlaceName": "Evansville, Wyoming, United States",
    "city": "Evansville",
    "state": "Wyoming",
    "stateCode": "WY",
    "country": "United States",
    "countryCode": "US",
    "coordinates": {
      "longitude": -106.270763,
      "latitude": 42.860942
    },
    "placeType": [
      "place"
    ],
    "confidence": 1
  },
  "Fort Cavazos, Texas": {
    "original": "Fort Cavazos, Texas",
    "mapboxPlaceName": "Fort Hood, Texas, United States",
    "city": "Fort Hood",
    "state": "Texas",
    "stateCode": "TX",
    "country": "United States",
    "countryCode": "US",
    "coordinates": {
      "longitude": -97.764482,
      "latitude": 31.138127
    },
    "placeType": [
      "place"
    ],
    "confidence": 1
  },
  "Fort Lupton, CO": {
    "original": "Fort Lupton, CO",
    "mapboxPlaceName": "Fort Lupton, Colorado, United States",
    "city": "Fort Lupton",
    "state": "Colorado",
    "stateCode": "CO",
    "country": "United States",
    "countryCode": "US",
    "coordinates": {
      "longitude": -104.810506,
      "latitude": 40.083245
    },
    "placeType": [
      "place"
    ],
    "confidence": 1
  },
  "France": {
    "original": "France",
    "mapboxPlaceName": "France",
    "city": null,
    "state": null,
    "stateCode": null,
    "country": "France",
    "countryCode": "FR",
    "coordinates": {
      "longitude": 2.618787,
      "latitude": 47.824905
    },
    "placeType": [
      "country"
    ],
    "confidence": 1
  },
  "Georgetown, Demerara-Mahaica Region": {
    "original": "Georgetown, Demerara-Mahaica Region",
    "mapboxPlaceName": "Georgetown, Demerara-Mahaica, Guyana",
    "city": "Georgetown",
    "state": "Demerara-Mahaica",
    "stateCode": "DE",
    "country": "Guyana",
    "countryCode": "GY",
    "coordinates": {
      "longitude": -58.159283,
      "latitude": 6.809843
    },
    "placeType": [
      "place"
    ],
    "confidence": 0.703704
  },
  "Golden Meadow, LA": {
    "original": "Golden Meadow, LA",
    "mapboxPlaceName": "Golden Meadow, Louisiana, United States",
    "city": "Golden Meadow",
    "state": "Louisiana",
    "stateCode": "LA",
    "country": "United States",
    "countryCode": "US",
    "coordinates": {
      "longitude": -90.25996,
      "latitude": 29.378832
    },
    "placeType": [
      "place"
    ],
    "confidence": 1
  },
  "Goose Creek, South Carolina": {
    "original": "Goose Creek, South Carolina",
    "mapboxPlaceName": "Goose Creek, South Carolina, United States",
    "city": "Goose Creek",
    "state": "South Carolina",
    "stateCode": "SC",
    "country": "United States",
    "countryCode": "US",
    "coordinates": {
      "longitude": -80.038205,
      "latitude": 33.001177
    },
    "placeType": [
      "place"
    ],
    "confidence": 1
  },
  "Greenbelt, Maryland": {
    "original": "Greenbelt, Maryland",
    "mapboxPlaceName": "Greenbelt, Maryland, United States",
    "city": "Greenbelt",
    "state": "Maryland",
    "stateCode": "MD",
    "country": "United States",
    "countryCode": "US",
    "coordinates": {
      "longitude": -76.87628,
      "latitude": 39.00111
    },
    "placeType": [
      "place"
    ],
    "confidence": 1
  },
  "Hassi Messaoud, Ouargla Province": {
    "original": "Hassi Messaoud, Ouargla Province",
    "mapboxPlaceName": "Hassi Messaoud, Ouargla, Algeria",
    "city": "Hassi Messaoud",
    "state": "Ouargla",
    "stateCode": "30",
    "country": "Algeria",
    "countryCode": "DZ",
    "coordinates": {
      "longitude": 6.065509,
      "latitude": 31.686491
    },
    "placeType": [
      "place"
    ],
    "confidence": 0.99
  },
  "Ho Chi Minh City, Ho Chi Minh": {
    "original": "Ho Chi Minh City, Ho Chi Minh",
    "mapboxPlaceName": "Đường Cao Tốc Thành Phố Hồ Chí Minh – Long Thành – Dầu Giây Mở Rộng, 71200, Long Phước, Ho Chi Minh City, Vietnam",
    "city": "Ho Chi Minh City",
    "state": null,
    "stateCode": null,
    "country": "Vietnam",
    "countryCode": "VN",
    "coordinates": {
      "longitude": 106.850681,
      "latitude": 10.786022
    },
    "placeType": [
      "address"
    ],
    "confidence": 0.99
  },
  "Houma, LA": {
    "original": "Houma, LA",
    "mapboxPlaceName": "Houma, Louisiana, United States",
    "city": "Houma",
    "state": "Louisiana",
    "stateCode": "LA",
    "country": "United States",
    "countryCode": "US",
    "coordinates": {
      "longitude": -90.720783,
      "latitude": 29.597596
    },
    "placeType": [
      "place"
    ],
    "confidence": 1
  },
  "Houston, TX": {
    "original": "Houston, TX",
    "mapboxPlaceName": "Houston, Texas, United States",
    "city": "Houston",
    "state": "Texas",
    "stateCode": "TX",
    "country": "United States",
    "countryCode": "US",
    "coordinates": {
      "longitude": -95.363433,
      "latitude": 29.760496
    },
    "placeType": [
      "place"
    ],
    "confidence": 1
  },
  "Houston, Texas": {
    "original": "Houston, Texas",
    "mapboxPlaceName": "Houston, Texas, United States",
    "city": "Houston",
    "state": "Texas",
    "stateCode": "TX",
    "country": "United States",
    "countryCode": "US",
    "coordinates": {
      "longitude": -95.363433,
      "latitude": 29.760496
    },
    "placeType": [
      "place"
    ],
    "confidence": 1
  },
  "Huizhou, Guangdong": {
    "original": "Huizhou, Guangdong",
    "mapboxPlaceName": "HuiZhou Shi, Guangdong, China",
    "city": "HuiZhou Shi",
    "state": "Guangdong",
    "stateCode": "GD",
    "country": "China",
    "countryCode": "CN",
    "coordinates": {
      "longitude": 114.40926,
      "latitude": 23.113785
    },
    "placeType": [
      "place"
    ],
    "confidence": 1
  },
  "Huntsville, Alabama": {
    "original": "Huntsville, Alabama",
    "mapboxPlaceName": "Huntsville, Alabama, United States",
    "city": "Huntsville",
    "state": "Alabama",
    "stateCode": "AL",
    "country": "United States",
    "countryCode": "US",
    "coordinates": {
      "longitude": -86.585304,
      "latitude": 34.729538
    },
    "placeType": [
      "place"
    ],
    "confidence": 1
  },
  "Iraq": {
    "original": "Iraq",
    "mapboxPlaceName": "Iraq",
    "city": null,
    "state": null,
    "stateCode": null,
    "country": "Iraq",
    "countryCode": "IQ",
    "coordinates": {
      "longitude": 43.404716,
      "latitude": 33.048056
    },
    "placeType": [
      "country"
    ],
    "confidence": 1
  },
  "Kampong Kemaman, Terengganu": {
    "original": "Kampong Kemaman, Terengganu",
    "mapboxPlaceName": "Cukai, Terengganu, Malaysia",
    "city": "Cukai",
    "state": "Terengganu",
    "stateCode": "11",
    "country": "Malaysia",
    "countryCode": "MY",
    "coordinates": {
      "longitude": 103.421234,
      "latitude": 4.234869
    },
    "placeType": [
      "place"
    ],
    "confidence": 0.653333
  },
  "Khobar, Eastern Province": {
    "original": "Khobar, Eastern Province",
    "mapboxPlaceName": "Al Khubar, Eastern, Saudi Arabia",
    "city": "Al Khubar",
    "state": "Eastern",
    "stateCode": "04",
    "country": "Saudi Arabia",
    "countryCode": "SA",
    "coordinates": {
      "longitude": 50.21324,
      "latitude": 26.289223
    },
    "placeType": [
      "place"
    ],
    "confidence": 1
  },
  "Kihei, Hawaii": {
    "original": "Kihei, Hawaii",
    "mapboxPlaceName": "Kihei, Hawaii, United States",
    "city": "Kihei",
    "state": "Hawaii",
    "stateCode": "HI",
    "country": "United States",
    "countryCode": "US",
    "coordinates": {
      "longitude": -156.455133,
      "latitude": 20.747628
    },
    "placeType": [
      "place"
    ],
    "confidence": 1
  },
  "Kuala Lumpur, Kuala Lumpur": {
    "original": "Kuala Lumpur, Kuala Lumpur",
    "mapboxPlaceName": "Kuhla, 21709 Himmelpforten, Germany",
    "city": "Himmelpforten",
    "state": "Lower Saxony",
    "stateCode": "NI",
    "country": "Germany",
    "countryCode": "DE",
    "coordinates": {
      "longitude": 9.293523,
      "latitude": 53.597146
    },
    "placeType": [
      "address"
    ],
    "confidence": 0.533333
  },
  "Kuala Lumpur, MY": {
    "original": "Kuala Lumpur, MY",
    "mapboxPlaceName": "Kuala Lumpur, Malaysia",
    "city": "Kuala Lumpur",
    "state": "Kuala Lumpur",
    "stateCode": "14",
    "country": "Malaysia",
    "countryCode": "MY",
    "coordinates": {
      "longitude": 101.694237,
      "latitude": 3.151696
    },
    "placeType": [
      "region",
      "place"
    ],
    "confidence": 1
  },
  "Lafayette, LA": {
    "original": "Lafayette, LA",
    "mapboxPlaceName": "Lafayette, Louisiana, United States",
    "city": "Lafayette",
    "state": "Louisiana",
    "stateCode": "LA",
    "country": "United States",
    "countryCode": "US",
    "coordinates": {
      "longitude": -92.018777,
      "latitude": 30.222907
    },
    "placeType": [
      "place"
    ],
    "confidence": 1
  },
  "Leduc, Alberta": {
    "original": "Leduc, Alberta",
    "mapboxPlaceName": "Leduc, Alberta, Canada",
    "city": "Leduc",
    "state": "Alberta",
    "stateCode": "AB",
    "country": "Canada",
    "countryCode": "CA",
    "coordinates": {
      "longitude": -113.55032,
      "latitude": 53.26476
    },
    "placeType": [
      "place"
    ],
    "confidence": 1
  },
  "Lexington Park, Maryland": {
    "original": "Lexington Park, Maryland",
    "mapboxPlaceName": "Lexington Park, Maryland, United States",
    "city": "Lexington Park",
    "state": "Maryland",
    "stateCode": "MD",
    "country": "United States",
    "countryCode": "US",
    "coordinates": {
      "longitude": -76.455013,
      "latitude": 38.264704
    },
    "placeType": [
      "place"
    ],
    "confidence": 1
  },
  "Location: Houston, US": {
    "original": "Location: Houston, US",
    "mapboxPlaceName": "Houston, Texas, United States",
    "city": "Houston",
    "state": "Texas",
    "stateCode": "TX",
    "country": "United States",
    "countryCode": "US",
    "coordinates": {
      "longitude": -95.363433,
      "latitude": 29.760496
    },
    "placeType": [
      "place"
    ],
    "confidence": 1
  },
  "Location: London (Sutton), GB": {
    "original": "Location: London (Sutton), GB",
    "mapboxPlaceName": "London Road, Sutton, KT17 2BT, United Kingdom",
    "city": "Sutton",
    "state": "England",
    "stateCode": "ENG",
    "country": "United Kingdom",
    "countryCode": "GB",
    "coordinates": {
      "longitude": -0.232708,
      "latitude": 51.366635
    },
    "placeType": [
      "address"
    ],
    "confidence": 0.7
  },
  "London (Sutton), GB": {
    "original": "London (Sutton), GB",
    "mapboxPlaceName": "London Road, Sutton, KT17 2BT, United Kingdom",
    "city": "Sutton",
    "state": "England",
    "stateCode": "ENG",
    "country": "United Kingdom",
    "countryCode": "GB",
    "coordinates": {
      "longitude": -0.232708,
      "latitude": 51.366635
    },
    "placeType": [
      "address"
    ],
    "confidence": 0.933333
  },
  "Longview, TX": {
    "original": "Longview, TX",
    "mapboxPlaceName": "Longview, Texas, United States",
    "city": "Longview",
    "state": "Texas",
    "stateCode": "TX",
    "country": "United States",
    "countryCode": "US",
    "coordinates": {
      "longitude": -94.73925,
      "latitude": 32.497448
    },
    "placeType": [
      "place"
    ],
    "confidence": 1
  },
  "Luanda, Luanda Province": {
    "original": "Luanda, Luanda Province",
    "mapboxPlaceName": "Luanda, Luanda, Angola",
    "city": "Luanda",
    "state": "Luanda",
    "stateCode": "LUA",
    "country": "Angola",
    "countryCode": "AO",
    "coordinates": {
      "longitude": 13.235822,
      "latitude": -8.81668
    },
    "placeType": [
      "place"
    ],
    "confidence": 0.968667
  },
  "Lubbock, Texas": {
    "original": "Lubbock, Texas",
    "mapboxPlaceName": "Lubbock, Texas, United States",
    "city": "Lubbock",
    "state": "Texas",
    "stateCode": "TX",
    "country": "United States",
    "countryCode": "US",
    "coordinates": {
      "longitude": -101.846803,
      "latitude": 33.585531
    },
    "placeType": [
      "place"
    ],
    "confidence": 1
  },
  "Macaé, Rio de Janeiro": {
    "original": "Macaé, Rio de Janeiro",
    "mapboxPlaceName": "Macaé, Rio de Janeiro, Brazil",
    "city": "Macaé",
    "state": "Rio de Janeiro",
    "stateCode": "RJ",
    "country": "Brazil",
    "countryCode": "BR",
    "coordinates": {
      "longitude": -41.778446,
      "latitude": -22.375927
    },
    "placeType": [
      "place"
    ],
    "confidence": 1
  },
  "Mansfield, PA": {
    "original": "Mansfield, PA",
    "mapboxPlaceName": "Mansfield, Pennsylvania, United States",
    "city": "Mansfield",
    "state": "Pennsylvania",
    "stateCode": "PA",
    "country": "United States",
    "countryCode": "US",
    "coordinates": {
      "longitude": -77.078072,
      "latitude": 41.807073
    },
    "placeType": [
      "place"
    ],
    "confidence": 1
  },
  "Marathon, FL": {
    "original": "Marathon, FL",
    "mapboxPlaceName": "Marathon, Florida, United States",
    "city": "Marathon",
    "state": "Florida",
    "stateCode": "FL",
    "country": "United States",
    "countryCode": "US",
    "coordinates": {
      "longitude": -81.096942,
      "latitude": 24.71056
    },
    "placeType": [
      "place"
    ],
    "confidence": 1
  },
  "Marquez, TX": {
    "original": "Marquez, TX",
    "mapboxPlaceName": "Marquez, Texas, United States",
    "city": "Marquez",
    "state": "Texas",
    "stateCode": "TX",
    "country": "United States",
    "countryCode": "US",
    "coordinates": {
      "longitude": -96.253996,
      "latitude": 31.239204
    },
    "placeType": [
      "place"
    ],
    "confidence": 1
  },
  "Mexico": {
    "original": "Mexico",
    "mapboxPlaceName": "Mexico",
    "city": null,
    "state": null,
    "stateCode": null,
    "country": "Mexico",
    "countryCode": "MX",
    "coordinates": {
      "longitude": -102.532867,
      "latitude": 23.950464
    },
    "placeType": [
      "country"
    ],
    "confidence": 1
  },
  "Midland, TX": {
    "original": "Midland, TX",
    "mapboxPlaceName": "Midland, Texas, United States",
    "city": "Midland",
    "state": "Texas",
    "stateCode": "TX",
    "country": "United States",
    "countryCode": "US",
    "coordinates": {
      "longitude": -102.078056,
      "latitude": 31.99743
    },
    "placeType": [
      "place"
    ],
    "confidence": 1
  },
  "Minneapolis, Minnesota": {
    "original": "Minneapolis, Minnesota",
    "mapboxPlaceName": "Minneapolis, Minnesota, United States",
    "city": "Minneapolis",
    "state": "Minnesota",
    "stateCode": "MN",
    "country": "United States",
    "countryCode": "US",
    "coordinates": {
      "longitude": -93.266096,
      "latitude": 44.976106
    },
    "placeType": [
      "place"
    ],
    "confidence": 1
  },
  "Monahans, TX": {
    "original": "Monahans, TX",
    "mapboxPlaceName": "Monahans, Texas, United States",
    "city": "Monahans",
    "state": "Texas",
    "stateCode": "TX",
    "country": "United States",
    "countryCode": "US",
    "coordinates": {
      "longitude": -102.892105,
      "latitude": 31.5918
    },
    "placeType": [
      "place"
    ],
    "confidence": 1
  },
  "Montgomery, PA": {
    "original": "Montgomery, PA",
    "mapboxPlaceName": "Montgomery, Pennsylvania, United States",
    "city": "Montgomery",
    "state": "Pennsylvania",
    "stateCode": "PA",
    "country": "United States",
    "countryCode": "US",
    "coordinates": {
      "longitude": -76.876819,
      "latitude": 41.170445
    },
    "placeType": [
      "place"
    ],
    "confidence": 1
  },
  "Moomba, South Australia": {
    "original": "Moomba, South Australia",
    "mapboxPlaceName": "Moomba Road, Cameron Corner Queensland 4492, Australia",
    "city": "Cameron Corner",
    "state": "Queensland",
    "stateCode": "QLD",
    "country": "Australia",
    "countryCode": "AU",
    "coordinates": {
      "longitude": 141.199007,
      "latitude": -28.279232
    },
    "placeType": [
      "address"
    ],
    "confidence": 0.766667
  },
  "Mount Pearl, Newfoundland and Labrador": {
    "original": "Mount Pearl, Newfoundland and Labrador",
    "mapboxPlaceName": "Mount Pearl, Newfoundland and Labrador, Canada",
    "city": "Mount Pearl",
    "state": "Newfoundland and Labrador",
    "stateCode": "NL",
    "country": "Canada",
    "countryCode": "CA",
    "coordinates": {
      "longitude": -52.807438,
      "latitude": 47.518806
    },
    "placeType": [
      "place"
    ],
    "confidence": 1
  },
  "Mueang Songkhla, Songkhla": {
    "original": "Mueang Songkhla, Songkhla",
    "mapboxPlaceName": "Mueang Songkhla, Songkhla, Thailand",
    "city": "Mueang Songkhla",
    "state": "Songkhla",
    "stateCode": "90",
    "country": "Thailand",
    "countryCode": "TH",
    "coordinates": {
      "longitude": 100.59068,
      "latitude": 7.195987
    },
    "placeType": [
      "place"
    ],
    "confidence": 1
  },
  "Mumbai, Maharashtra": {
    "original": "Mumbai, Maharashtra",
    "mapboxPlaceName": "Mumbai, Maharashtra, India",
    "city": "Mumbai",
    "state": "Maharashtra",
    "stateCode": "MH",
    "country": "India",
    "countryCode": "IN",
    "coordinates": {
      "longitude": 72.87872,
      "latitude": 19.077793
    },
    "placeType": [
      "place"
    ],
    "confidence": 1
  },
  "Neiva, Departamento del Huila": {
    "original": "Neiva, Departamento del Huila",
    "mapboxPlaceName": "Neiva, Huila, Colombia",
    "city": "Neiva",
    "state": "Huila",
    "stateCode": "HUI",
    "country": "Colombia",
    "countryCode": "CO",
    "coordinates": {
      "longitude": -75.287346,
      "latitude": 2.929432
    },
    "placeType": [
      "place"
    ],
    "confidence": 1
  },
  "Neuquén, Neuquen": {
    "original": "Neuquén, Neuquen",
    "mapboxPlaceName": "Neuquén, Neuquén, Argentina",
    "city": "Neuquén",
    "state": "Neuquén",
    "stateCode": "Q",
    "country": "Argentina",
    "countryCode": "AR",
    "coordinates": {
      "longitude": -68.05936,
      "latitude": -38.95182
    },
    "placeType": [
      "place"
    ],
    "confidence": 1
  },
  "New Iberia, LA": {
    "original": "New Iberia, LA",
    "mapboxPlaceName": "New Iberia, Louisiana, United States",
    "city": "New Iberia",
    "state": "Louisiana",
    "stateCode": "LA",
    "country": "United States",
    "countryCode": "US",
    "coordinates": {
      "longitude": -91.817807,
      "latitude": 30.005388
    },
    "placeType": [
      "place"
    ],
    "confidence": 1
  },
  "Nisku, Alberta": {
    "original": "Nisku, Alberta",
    "mapboxPlaceName": "Nisku, Alberta, Canada",
    "city": "Nisku",
    "state": "Alberta",
    "stateCode": "AB",
    "country": "Canada",
    "countryCode": "CA",
    "coordinates": {
      "longitude": -113.53132,
      "latitude": 53.333263
    },
    "placeType": [
      "place"
    ],
    "confidence": 1
  },
  "Noble BlackHawk": {
    "original": "Noble BlackHawk",
    "mapboxPlaceName": "Blackhawk Road, Boulder, Colorado 80303, United States",
    "city": "Boulder",
    "state": "Colorado",
    "stateCode": "CO",
    "country": "United States",
    "countryCode": "US",
    "coordinates": {
      "longitude": -105.225931,
      "latitude": 39.997274
    },
    "placeType": [
      "address"
    ],
    "confidence": 0.69
  },
  "Noble BlackHornet": {
    "original": "Noble BlackHornet",
    "mapboxPlaceName": "Noble, Georgia, United States",
    "city": "Noble",
    "state": "Georgia",
    "stateCode": "GA",
    "country": "United States",
    "countryCode": "US",
    "coordinates": {
      "longitude": -81.929,
      "latitude": 31.846714
    },
    "placeType": [
      "locality"
    ],
    "confidence": 0.5
  },
  "Noble BlackLion": {
    "original": "Noble BlackLion",
    "mapboxPlaceName": "Rue Noble, Saint-Hubert, Quebec J3Y 5K2, Canada",
    "city": "Saint-Hubert",
    "state": "Quebec",
    "stateCode": "QC",
    "country": "Canada",
    "countryCode": "CA",
    "coordinates": {
      "longitude": -73.386073,
      "latitude": 45.488149
    },
    "placeType": [
      "address"
    ],
    "confidence": 0.5
  },
  "Noble Faye Kozack": {
    "original": "Noble Faye Kozack",
    "mapboxPlaceName": "Rue Noble, Saint-Hubert, Quebec J3Y 5K2, Canada",
    "city": "Saint-Hubert",
    "state": "Quebec",
    "stateCode": "QC",
    "country": "Canada",
    "countryCode": "CA",
    "coordinates": {
      "longitude": -73.386073,
      "latitude": 45.488149
    },
    "placeType": [
      "address"
    ],
    "confidence": 0.425926
  },
  "Notodden, Vestfold og Telemark": {
    "original": "Notodden, Vestfold og Telemark",
    "mapboxPlaceName": "Notodden, Telemark, Norway",
    "city": "Notodden",
    "state": "Telemark",
    "stateCode": "40",
    "country": "Norway",
    "countryCode": "NO",
    "coordinates": {
      "longitude": 9.258188,
      "latitude": 59.559174
    },
    "placeType": [
      "place"
    ],
    "confidence": 0.592593
  },
  "Odessa, TX": {
    "original": "Odessa, TX",
    "mapboxPlaceName": "Odessa, Texas, United States",
    "city": "Odessa",
    "state": "Texas",
    "stateCode": "TX",
    "country": "United States",
    "countryCode": "US",
    "coordinates": {
      "longitude": -102.368996,
      "latitude": 31.847454
    },
    "placeType": [
      "place"
    ],
    "confidence": 1
  },
  "Offshore": {
    "original": "Offshore",
    "mapboxPlaceName": "Offshore Avenue, Skennars Head New South Wales 2478, Australia",
    "city": "Skennars Head",
    "state": "New South Wales",
    "stateCode": "NSW",
    "country": "Australia",
    "countryCode": "AU",
    "coordinates": {
      "longitude": 153.59946,
      "latitude": -28.833322
    },
    "placeType": [
      "address"
    ],
    "confidence": 1
  },
  "Offshore, BR": {
    "original": "Offshore, BR",
    "mapboxPlaceName": "Offshore Drive, Torquay Victoria 3228, Australia",
    "city": "Torquay",
    "state": "Victoria",
    "stateCode": "VIC",
    "country": "Australia",
    "countryCode": "AU",
    "coordinates": {
      "longitude": 144.32902,
      "latitude": -38.311007
    },
    "placeType": [
      "address"
    ],
    "confidence": 0.954545
  },
  "Offshore, SG": {
    "original": "Offshore, SG",
    "mapboxPlaceName": "Offshore Street, Bokarina Queensland 4575, Australia",
    "city": "Sunshine Coast",
    "state": "Queensland",
    "stateCode": "QLD",
    "country": "Australia",
    "countryCode": "AU",
    "coordinates": {
      "longitude": 153.132538,
      "latitude": -26.7462
    },
    "placeType": [
      "address"
    ],
    "confidence": 0.954545
  },
  "Oklahoma City, OK": {
    "original": "Oklahoma City, OK",
    "mapboxPlaceName": "Oklahoma City, Oklahoma, United States",
    "city": "Oklahoma City",
    "state": "Oklahoma",
    "stateCode": "OK",
    "country": "United States",
    "countryCode": "US",
    "coordinates": {
      "longitude": -97.517981,
      "latitude": 35.46883
    },
    "placeType": [
      "place"
    ],
    "confidence": 1
  },
  "Oklahoma, US": {
    "original": "Oklahoma, US",
    "mapboxPlaceName": "Oklahoma, United States",
    "city": null,
    "state": "Oklahoma",
    "stateCode": "OK",
    "country": "United States",
    "countryCode": "US",
    "coordinates": {
      "longitude": -97.538961,
      "latitude": 35.901587
    },
    "placeType": [
      "region"
    ],
    "confidence": 1
  },
  "Oslo, Oslo County": {
    "original": "Oslo, Oslo County",
    "mapboxPlaceName": "Oslo, 1054 Kamëz, Albania",
    "city": "Kamëz",
    "state": "Tirana",
    "stateCode": "11",
    "country": "Albania",
    "countryCode": "AL",
    "coordinates": {
      "longitude": 19.77164,
      "latitude": 41.372528
    },
    "placeType": [
      "address"
    ],
    "confidence": 0.653333
  },
  "Panama City, Provincia de Panamá": {
    "original": "Panama City, Provincia de Panamá",
    "mapboxPlaceName": "Panamá, Panamá, Panama",
    "city": "Panamá",
    "state": "Panamá",
    "stateCode": "8",
    "country": "Panama",
    "countryCode": "PA",
    "coordinates": {
      "longitude": -79.52339,
      "latitude": 8.982861
    },
    "placeType": [
      "place"
    ],
    "confidence": 0.978222
  },
  "Paramaribo, Distrikt Paramaribo": {
    "original": "Paramaribo, Distrikt Paramaribo",
    "mapboxPlaceName": "Paramaribo, Wilde, Buenos Aires Province, B1875, Argentina",
    "city": "Wilde",
    "state": "Buenos Aires Province",
    "stateCode": "B",
    "country": "Argentina",
    "countryCode": "AR",
    "coordinates": {
      "longitude": -58.305924,
      "latitude": -34.693556
    },
    "placeType": [
      "address"
    ],
    "confidence": 0.425926
  },
  "Paris, FR": {
    "original": "Paris, FR",
    "mapboxPlaceName": "Paris, France",
    "city": "Paris",
    "state": "Paris",
    "stateCode": "75",
    "country": "France",
    "countryCode": "FR",
    "coordinates": {
      "longitude": 2.348392,
      "latitude": 48.853495
    },
    "placeType": [
      "region",
      "place"
    ],
    "confidence": 1
  },
  "Paris, FR Lisbon, PT": {
    "original": "Paris, FR Lisbon, PT",
    "mapboxPlaceName": "Porte-Dauphine, Paris, Île-de-France, France",
    "city": "Paris",
    "state": "Île-de-France",
    "stateCode": "IDF",
    "country": "France",
    "countryCode": "FR",
    "coordinates": {
      "longitude": 2.281062,
      "latitude": 48.86786
    },
    "placeType": [
      "neighborhood"
    ],
    "confidence": 0.615
  },
  "Perth, Western Australia": {
    "original": "Perth, Western Australia",
    "mapboxPlaceName": "Perth, Western Australia, Australia",
    "city": "Perth",
    "state": "Western Australia",
    "stateCode": "WA",
    "country": "Australia",
    "countryCode": "AU",
    "coordinates": {
      "longitude": 115.85805,
      "latitude": -31.951263
    },
    "placeType": [
      "place"
    ],
    "confidence": 1
  },
  "Prudhoe Bay, AK": {
    "original": "Prudhoe Bay, AK",
    "mapboxPlaceName": "Prudhoe Bay, Alaska, United States",
    "city": "Prudhoe Bay",
    "state": "Alaska",
    "stateCode": "AK",
    "country": "United States",
    "countryCode": "US",
    "coordinates": {
      "longitude": -148.397837,
      "latitude": 70.245011
    },
    "placeType": [
      "place"
    ],
    "confidence": 1
  },
  "Pueblo Viejo, Guasave, Sinaloa": {
    "original": "Pueblo Viejo, Guasave, Sinaloa",
    "mapboxPlaceName": "Calle Sinaloa, 92037 Pueblo Viejo, Veracruz, Mexico",
    "city": "Pueblo Viejo",
    "state": "Veracruz",
    "stateCode": "VER",
    "country": "Mexico",
    "countryCode": "MX",
    "coordinates": {
      "longitude": -97.832284,
      "latitude": 22.212959
    },
    "placeType": [
      "address"
    ],
    "confidence": 0.634444
  },
  "Pune, Maharashtra": {
    "original": "Pune, Maharashtra",
    "mapboxPlaceName": "Pune, Maharashtra, India",
    "city": "Pune",
    "state": "Maharashtra",
    "stateCode": "MH",
    "country": "India",
    "countryCode": "IN",
    "coordinates": {
      "longitude": 73.856285,
      "latitude": 18.515669
    },
    "placeType": [
      "place"
    ],
    "confidence": 1
  },
  "Quito, Provincia de Pichincha": {
    "original": "Quito, Provincia de Pichincha",
    "mapboxPlaceName": "Quito, Pichincha, Ecuador",
    "city": "Quito",
    "state": "Pichincha",
    "stateCode": "P",
    "country": "Ecuador",
    "countryCode": "EC",
    "coordinates": {
      "longitude": -78.51131,
      "latitude": -0.221173
    },
    "placeType": [
      "place"
    ],
    "confidence": 0.985556
  },
  "Reforma, Reforma, Chiapas": {
    "original": "Reforma, Reforma, Chiapas",
    "mapboxPlaceName": "Calle Reforma, 29500 Reforma, Chiapas, Mexico",
    "city": "Reforma",
    "state": "Chiapas",
    "stateCode": "CHP",
    "country": "Mexico",
    "countryCode": "MX",
    "coordinates": {
      "longitude": -93.148378,
      "latitude": 17.849933
    },
    "placeType": [
      "address"
    ],
    "confidence": 0.933333
  },
  "Rifle, CO": {
    "original": "Rifle, CO",
    "mapboxPlaceName": "Rifle, Colorado, United States",
    "city": "Rifle",
    "state": "Colorado",
    "stateCode": "CO",
    "country": "United States",
    "countryCode": "US",
    "coordinates": {
      "longitude": -107.783268,
      "latitude": 39.531585
    },
    "placeType": [
      "place"
    ],
    "confidence": 1
  },
  "Rio Grande do Norte, BR": {
    "original": "Rio Grande do Norte, BR",
    "mapboxPlaceName": "Rio Grande do Norte, Brazil",
    "city": null,
    "state": "Rio Grande do Norte",
    "stateCode": "RN",
    "country": "Brazil",
    "countryCode": "BR",
    "coordinates": {
      "longitude": -36.768844,
      "latitude": -5.779024
    },
    "placeType": [
      "region"
    ],
    "confidence": 1
  },
  "Rio de Janeiro, BR": {
    "original": "Rio de Janeiro, BR",
    "mapboxPlaceName": "Rio de Janeiro, Rio de Janeiro, Brazil",
    "city": "Rio de Janeiro",
    "state": "Rio de Janeiro",
    "stateCode": "RJ",
    "country": "Brazil",
    "countryCode": "BR",
    "coordinates": {
      "longitude": -43.209934,
      "latitude": -22.909534
    },
    "placeType": [
      "place"
    ],
    "confidence": 1
  },
  "Rio de Janeiro, Rio de Janeiro": {
    "original": "Rio de Janeiro, Rio de Janeiro",
    "mapboxPlaceName": "Rio de Janeiro, Rio de Janeiro, Brazil",
    "city": "Rio de Janeiro",
    "state": "Rio de Janeiro",
    "stateCode": "RJ",
    "country": "Brazil",
    "countryCode": "BR",
    "coordinates": {
      "longitude": -43.209934,
      "latitude": -22.909534
    },
    "placeType": [
      "place"
    ],
    "confidence": 1
  },
  "San Fernando, San Fernando": {
    "original": "San Fernando, San Fernando",
    "mapboxPlaceName": "San Fernando, San Fernando, O'Higgins 3070000, Chile",
    "city": "San Fernando",
    "state": "O'Higgins",
    "stateCode": "LI",
    "country": "Chile",
    "countryCode": "CL",
    "coordinates": {
      "longitude": -70.997409,
      "latitude": -34.584552
    },
    "placeType": [
      "address"
    ],
    "confidence": 1
  },
  "Santa Cruz, Departamento de Santa Cruz": {
    "original": "Santa Cruz, Departamento de Santa Cruz",
    "mapboxPlaceName": "Santa Cruz, Santa Cruz de la Sierra, Santa Cruz, Bolivia",
    "city": "Santa Cruz de la Sierra",
    "state": "Santa Cruz",
    "stateCode": "S",
    "country": "Bolivia",
    "countryCode": "BO",
    "coordinates": {
      "longitude": -63.112434,
      "latitude": -17.808002
    },
    "placeType": [
      "address"
    ],
    "confidence": 0.977037
  },
  "Siberia, Cota, Cundinamarca": {
    "original": "Siberia, Cota, Cundinamarca",
    "mapboxPlaceName": "Vía Sibería - Cota, 250017 Cota, Cundinamarca, Colombia",
    "city": "Cota",
    "state": "Cundinamarca",
    "stateCode": "CUN",
    "country": "Colombia",
    "countryCode": "CO",
    "coordinates": {
      "longitude": -74.134361,
      "latitude": 4.781342
    },
    "placeType": [
      "address"
    ],
    "confidence": 0.885185
  },
  "Singapore, SG": {
    "original": "Singapore, SG",
    "mapboxPlaceName": "Singapore River, Singapore, Central Singapore Community Development Council",
    "city": "Singapore River",
    "state": "Central Singapore Community Development Council",
    "stateCode": "01",
    "country": null,
    "countryCode": null,
    "coordinates": {
      "longitude": 103.84094,
      "latitude": 1.288799
    },
    "placeType": [
      "locality"
    ],
    "confidence": 1
  },
  "Singapore, Singapore": {
    "original": "Singapore, Singapore",
    "mapboxPlaceName": "Singapore River, Singapore, Central Singapore Community Development Council",
    "city": "Singapore River",
    "state": "Central Singapore Community Development Council",
    "stateCode": "01",
    "country": null,
    "countryCode": null,
    "coordinates": {
      "longitude": 103.84094,
      "latitude": 1.288799
    },
    "placeType": [
      "locality"
    ],
    "confidence": 1
  },
  "Spring, TX": {
    "original": "Spring, TX",
    "mapboxPlaceName": "Spring, Texas, United States",
    "city": "Spring",
    "state": "Texas",
    "stateCode": "TX",
    "country": "United States",
    "countryCode": "US",
    "coordinates": {
      "longitude": -95.418708,
      "latitude": 30.079535
    },
    "placeType": [
      "place"
    ],
    "confidence": 1
  },
  "Stavanger, Rogaland": {
    "original": "Stavanger, Rogaland",
    "mapboxPlaceName": "Stavanger, Rogaland, Norway",
    "city": "Stavanger",
    "state": "Rogaland",
    "stateCode": "11",
    "country": "Norway",
    "countryCode": "NO",
    "coordinates": {
      "longitude": 5.733589,
      "latitude": 58.970963
    },
    "placeType": [
      "place"
    ],
    "confidence": 1
  },
  "Suriname": {
    "original": "Suriname",
    "mapboxPlaceName": "Suriname",
    "city": null,
    "state": null,
    "stateCode": null,
    "country": "Suriname",
    "countryCode": "SR",
    "coordinates": {
      "longitude": -55.911826,
      "latitude": 3.692967
    },
    "placeType": [
      "country"
    ],
    "confidence": 1
  },
  "Taman Senai, Johor": {
    "original": "Taman Senai, Johor",
    "mapboxPlaceName": "Senai, Johor, Malaysia",
    "city": "Senai",
    "state": "Johor",
    "stateCode": "01",
    "country": "Malaysia",
    "countryCode": "MY",
    "coordinates": {
      "longitude": 103.64485,
      "latitude": 1.601109
    },
    "placeType": [
      "place"
    ],
    "confidence": 0.666667
  },
  "Tempe, Arizona": {
    "original": "Tempe, Arizona",
    "mapboxPlaceName": "Tempe, Arizona, United States",
    "city": "Tempe",
    "state": "Arizona",
    "stateCode": "AZ",
    "country": "United States",
    "countryCode": "US",
    "coordinates": {
      "longitude": -111.939965,
      "latitude": 33.425508
    },
    "placeType": [
      "place"
    ],
    "confidence": 1
  },
  "Texas, US": {
    "original": "Texas, US",
    "mapboxPlaceName": "Texas, United States",
    "city": null,
    "state": "Texas",
    "stateCode": "TX",
    "country": "United States",
    "countryCode": "US",
    "coordinates": {
      "longitude": -98.822319,
      "latitude": 31.803973
    },
    "placeType": [
      "region"
    ],
    "confidence": 1
  },
  "Tianjin, Tianjin Municipality": {
    "original": "Tianjin, Tianjin Municipality",
    "mapboxPlaceName": "前進路, 900, 前進, 屏東市, Pingtung County, Taiwan",
    "city": "屏東市",
    "state": "Pingtung County",
    "stateCode": "PIF",
    "country": "Taiwan",
    "countryCode": "TW",
    "coordinates": {
      "longitude": 120.461875,
      "latitude": 22.651334
    },
    "placeType": [
      "address"
    ],
    "confidence": 0.557143
  },
  "Trinidad and Tobago": {
    "original": "Trinidad and Tobago",
    "mapboxPlaceName": "Trinidad and Tobago",
    "city": null,
    "state": null,
    "stateCode": null,
    "country": "Trinidad and Tobago",
    "countryCode": "TT",
    "coordinates": {
      "longitude": -61.253176,
      "latitude": 10.468643
    },
    "placeType": [
      "country"
    ],
    "confidence": 1
  },
  "Tripoli, Tripoli": {
    "original": "Tripoli, Tripoli",
    "mapboxPlaceName": "Tripoli, Tripoli, Libya",
    "city": "Tripoli",
    "state": "Tripoli",
    "stateCode": "TB",
    "country": "Libya",
    "countryCode": "LY",
    "coordinates": {
      "longitude": 13.178,
      "latitude": 32.892
    },
    "placeType": [
      "place"
    ],
    "confidence": 1
  },
  "Tucson, Arizona": {
    "original": "Tucson, Arizona",
    "mapboxPlaceName": "Tucson, Arizona, United States",
    "city": "Tucson",
    "state": "Arizona",
    "stateCode": "AZ",
    "country": "United States",
    "countryCode": "US",
    "coordinates": {
      "longitude": -110.973306,
      "latitude": 32.221297
    },
    "placeType": [
      "place"
    ],
    "confidence": 1
  },
  "US-AR-OTHER ARKANSAS": {
    "original": "US-AR-OTHER ARKANSAS",
    "mapboxPlaceName": "Arkansas County, Arkansas, United States",
    "city": null,
    "state": "Arkansas",
    "stateCode": "AR",
    "country": "United States",
    "countryCode": "US",
    "coordinates": {
      "longitude": -91.33763,
      "latitude": 34.293186
    },
    "placeType": [
      "district"
    ],
    "confidence": 0.74
  },
  "US-LA-OTHER LOUISIANA": {
    "original": "US-LA-OTHER LOUISIANA",
    "mapboxPlaceName": "Louisiana Avenue, Los Angeles, California 90068, United States",
    "city": "Los Angeles",
    "state": "California",
    "stateCode": "CA",
    "country": "United States",
    "countryCode": "US",
    "coordinates": {
      "longitude": -118.3561,
      "latitude": 34.12842
    },
    "placeType": [
      "address"
    ],
    "confidence": 0.75
  },
  "US-MS-OTHER MISSISSIPPI": {
    "original": "US-MS-OTHER MISSISSIPPI",
    "mapboxPlaceName": "Mississippi State, Mississippi, United States",
    "city": "Mississippi State",
    "state": "Mississippi",
    "stateCode": "MS",
    "country": "United States",
    "countryCode": "US",
    "coordinates": {
      "longitude": -88.79006,
      "latitude": 33.447117
    },
    "placeType": [
      "locality"
    ],
    "confidence": 0.74
  },
  "US-TX-HOUSTON - 6760 Concord Park": {
    "original": "US-TX-HOUSTON - 6760 Concord Park",
    "mapboxPlaceName": "6760 Concord Park Drive, Houston, Texas 77040, United States",
    "city": "Houston",
    "state": "Texas",
    "stateCode": "TX",
    "country": "United States",
    "countryCode": "US",
    "coordinates": {
      "longitude": -95.54508,
      "latitude": 29.86687
    },
    "placeType": [
      "address"
    ],
    "confidence": 0.99
  },
  "US-TX-HOUSTON-13717 WEST HARDY ROAD": {
    "original": "US-TX-HOUSTON-13717 WEST HARDY ROAD",
    "mapboxPlaceName": "13717 West Hardy Road, Houston, Texas 77060, United States",
    "city": "Houston",
    "state": "Texas",
    "stateCode": "TX",
    "country": "United States",
    "countryCode": "US",
    "coordinates": {
      "longitude": -95.377126,
      "latitude": 29.913049
    },
    "placeType": [
      "address"
    ],
    "confidence": 0.99
  },
  "US-TX-HOUSTON-575 N. DAIRY ASHFORD RD, ENERGY CENTER II EC2": {
    "original": "US-TX-HOUSTON-575 N. DAIRY ASHFORD RD, ENERGY CENTER II EC2",
    "mapboxPlaceName": "575 North Dairy Ashford Road, Houston, Texas 77079, United States",
    "city": "Houston",
    "state": "Texas",
    "stateCode": "TX",
    "country": "United States",
    "countryCode": "US",
    "coordinates": {
      "longitude": -95.615635,
      "latitude": 29.78629
    },
    "placeType": [
      "address"
    ],
    "confidence": 0.99
  },
  "US-TX-MIDLAND-2101 MARKET STREET": {
    "original": "US-TX-MIDLAND-2101 MARKET STREET",
    "mapboxPlaceName": "2101 Market Street, Midland, Texas 79703, United States",
    "city": "Midland",
    "state": "Texas",
    "stateCode": "TX",
    "country": "United States",
    "countryCode": "US",
    "coordinates": {
      "longitude": -102.13375,
      "latitude": 31.95918
    },
    "placeType": [
      "address"
    ],
    "confidence": 1
  },
  "US-TX-MIDLAND-6 DESTA DRIVE": {
    "original": "US-TX-MIDLAND-6 DESTA DRIVE",
    "mapboxPlaceName": "6 Desta Drive, Midland, Texas 79705, United States",
    "city": "Midland",
    "state": "Texas",
    "stateCode": "TX",
    "country": "United States",
    "countryCode": "US",
    "coordinates": {
      "longitude": -102.085769,
      "latitude": 32.030319
    },
    "placeType": [
      "address"
    ],
    "confidence": 1
  },
  "Victoria, Victoria, TX": {
    "original": "Victoria, Victoria, TX",
    "mapboxPlaceName": "Victoria Cross Parade, Wodonga Victoria 3690, Australia",
    "city": "Wodonga",
    "state": "Victoria",
    "stateCode": "VIC",
    "country": "Australia",
    "countryCode": "AU",
    "coordinates": {
      "longitude": 146.898185,
      "latitude": -36.138024
    },
    "placeType": [
      "address"
    ],
    "confidence": 0.963906
  },
  "Vũng Tàu, Tỉnh Bà Rịa-Vũng Tàu": {
    "original": "Vũng Tàu, Tỉnh Bà Rịa-Vũng Tàu",
    "mapboxPlaceName": "Bà Rịa-Vũng Tàu, Vietnam",
    "city": null,
    "state": "Bà Rịa-Vũng Tàu",
    "stateCode": "43",
    "country": "Vietnam",
    "countryCode": "VN",
    "coordinates": {
      "longitude": 107.168843,
      "latitude": 10.49627
    },
    "placeType": [
      "region"
    ],
    "confidence": 0.574074
  },
  "Williston, ND": {
    "original": "Williston, ND",
    "mapboxPlaceName": "Williston, North Dakota, United States",
    "city": "Williston",
    "state": "North Dakota",
    "stateCode": "ND",
    "country": "United States",
    "countryCode": "US",
    "coordinates": {
      "longitude": -103.621816,
      "latitude": 48.146544
    },
    "placeType": [
      "place"
    ],
    "confidence": 1
  },
  "Yopal, Yopal, Departamento de Casanare": {
    "original": "Yopal, Yopal, Departamento de Casanare",
    "mapboxPlaceName": "Yopal, Casanare, Colombia",
    "city": "Yopal",
    "state": "Casanare",
    "stateCode": "CAS",
    "country": "Colombia",
    "countryCode": "CO",
    "coordinates": {
      "longitude": -72.39384,
      "latitude": 5.335702
    },
    "placeType": [
      "place"
    ],
    "confidence": 0.707852
  },
  "Zanesville, OH": {
    "original": "Zanesville, OH",
    "mapboxPlaceName": "Zanesville, Ohio, United States",
    "city": "Zanesville",
    "state": "Ohio",
    "stateCode": "OH",
    "country": "United States",
    "countryCode": "US",
    "coordinates": {
      "longitude": -82.006494,
      "latitude": 39.940089
    },
    "placeType": [
      "place"
    ],
    "confidence": 1
  }
}